5d2c10cba263daa59b07d1c7786ae6064a05775c	Curriculum Launcher.vi
ad616954b64c59f116886226eb196c726ad52559	Curriculum/Generator API/Generator Driver Template 1.vi
1a9c2b45df885cc438114985008681fa4ab82570	Curriculum/Generator API/Generator Driver Template 2.vi
7414473ebeacb9823239fb018f1ac770a059680f	Curriculum/Generator API/Generator Driver Template 3.vi
7399f86fb870ceecdd963fd1dcb80761d3ff9774	Curriculum/Generator API/Generator Driver Template 4.vi
ca188217d2e4eda865ecc02538c0dddb843487ad	Curriculum/Generator API/Generator Driver Template 5.vi
bab624ea0bbccdf0c620ba6391bac673104b350c	Curriculum/Generator API/subVIs/Demo/Demo PID Control.vi
dc7a619c51e034136cd87a296f0aab294bcbacf1	Curriculum/Generator API/subVIs/Private/Default Instrument Setup.vi
da7959aa2b839fd58f3af0d62503a7092ad220da	Curriculum/Generator API/subVIs/Public/Action-Status/Init.vi
b5355aeffcf2ce2ecf97d2fd5046cd2abeffc110	Curriculum/Generator API/subVIs/Public/Action-Status/Motor Off.vi
4a24495333f5251aadcb7d36064fbfa8ad8406ac	Curriculum/Generator API/subVIs/Public/Action-Status/Motor On.vi
b4a1a401d5acc8934e3773bd582a434ccf5bda21	Curriculum/Generator API/subVIs/Public/Close.vi
3f05a15b596de617a1b3a87181dfc3e7021523e5	Curriculum/Generator API/subVIs/Public/Configure/Set Load.vi
0c4f6cfc5ac86a1eed6eee7728a0a32acf2b6351	Curriculum/Generator API/subVIs/Public/Configure/Set Speed.vi
e24ad6fad6d12dd9a6bee91d7377fdd423546b44	Curriculum/Generator API/subVIs/Public/Data/Get KW.vi
43abb77c60babecf131784c538c553b0740c4cd5	Curriculum/Generator API/subVIs/Public/Data/Get Value.vi
d9ab49c61b2e73bd91278debabee84d47eb525fd	Curriculum/Generator API/subVIs/Public/Initialize.vi
50478f8dae69c6ce23bf44083bd4a8082f5a62c4	Curriculum/Generator API/subVIs/Public/Utility/Error Query.vi
d6b16fc1cd55b610ad455c6a8bea6c8f5bc600a3	Curriculum/Generator API/subVIs/Public/Utility/Reset.vi
aca840c5cdd1e5f1ff5d11ce2398085da81b078e	Curriculum/Generator API/subVIs/Public/Utility/Revision Query.vi
64fbbfb05fc6f447bf490901ed2e5df8acef715c	Curriculum/Generator API/subVIs/Public/Utility/Self-Test.vi
743f4b0da0b3e399417a763e16396408a67136f9	Curriculum/Generator API/subVIs/Public/VI Tree.vi
29fd4fac29848a8aaad2815eaaa1af768364f964	Curriculum/Generator Lessons/Generator Lesson 1.vi
b06d1faf5b5fd64d36a7cda060383b1faf75782a	Curriculum/Generator Lessons/Generator Lesson 2.vi
765532d6a4229de63be8b9224ded235e370c539d	Curriculum/Generator Lessons/Generator Lesson 3.vi
5242f4ac40dc5ddd8e2ad9677013d691c2b98f7f	Curriculum/Generator Lessons/Generator Lesson 4.vi
cfc287287da4da2cc2b71780de7a1a3ec4b63574	Curriculum/Generator Lessons/Generator Lesson 5.vi
fd931b47f0ec991932a17b843e87cb50df6e113d	Curriculum/Generator Lessons/Generator Lesson 6.vi
8edf60cdb325ee0867611210e1ca874071882f50	Curriculum/Generator Lessons/Generator Lesson 7.vi
cbd183ae8ba3e99c117200c75c366aa4b44a9ff5	Curriculum/Generator Lessons/subVIs/Command with Return Value.vi
e9d65e5050deae52ccd4fd4f392b431f85813867	Curriculum/Generator Lessons/subVIs/Confirm USB Devices and IO.vi
a66d3ae0596c31a2b72329cce64bd44682e35967	Curriculum/Generator Lessons/subVIs/Get All Values.vi
4b17d3253604b1c4a78dcc51aaffd5898f9e6a12	Curriculum/Generator Lessons/subVIs/USB Device Filter.vi
de4b9287405405a9718e76b57d60992462df0c16	Curriculum/Generator Lessons/subVIs/balance grid.vi
979cbb915827a25cd0dc9f4d9f6ae70a21d91b9c	Curriculum/Main Power Grid/Main Power Grid.vi
6593a1b255cfa73dfd594ec47346e6d65010a56e	Curriculum/Solar Lessons/Solar Example.vi
d94d804efa6b2dcb7bafc437ea31d54a0e5add79	Find Curriculum.vi
7ead7391057bfa5f3024c9ed955b01a08aee5246	Graph Popup.vi
b1a672d5ec15c771c8018eee61f6bd696062e234	Simple Solar Tracker v4.vi
68985c993d41f6fa21402a96831ef904c2fb7c02	Status String Update.vi
811eec3677ffa1179e3fd92dc9227adc5cf6cde3	User-Defined Test/User-Defined Test Advanced.vi
4e10cf38e4213096ed81f5daa2ba3fca17e3e7a2	User-Defined Test/User-Defined Test Basic.vi
6aded9ddb3730677fd5a3c088253078156a999a5	User-Defined Test/VI Under Test.vi
ac25247fb7305477fdafdf560b28f2a2275c5564	main.vi
